{
  "id": "speech:v1",
  "auth": {
    "oauth2": {
      "scopes": {
        "https://www.googleapis.com/auth/cloud-platform": {
          "description": "View and manage your data across Google Cloud Platform services"
        }
      }
    }
  },
  "description": "Google Cloud Speech API.",
  "protocol": "rest",
  "title": "Google Cloud Speech API",
  "resources": {
    "speech": {
      "methods": {
        "recognize": {
          "id": "speech.speech.recognize",
          "response": {
            "$ref": "RecognizeResponse"
          },
          "parameterOrder": [],
          "description": "Perform synchronous speech-recognition: receive results after all audio\nhas been sent and processed.",
          "request": {
            "$ref": "RecognizeRequest"
          },
          "flatPath": "v1/speech:recognize",
          "httpMethod": "POST",
          "parameters": {},
          "path": "v1/speech:recognize",
          "scopes": [
            "https://www.googleapis.com/auth/cloud-platform"
          ]
        },
        "longrunningrecognize": {
          "id": "speech.speech.longrunningrecognize",
          "response": {
            "$ref": "Operation"
          },
          "parameterOrder": [],
          "description": "Perform asynchronous speech-recognition: receive results via the\ngoogle.longrunning.Operations interface. Returns either an\n`Operation.error` or an `Operation.response` which contains\nan `LongRunningRecognizeResponse` message.",
          "request": {
            "$ref": "LongRunningRecognizeRequest"
          },
          "flatPath": "v1/speech:longrunningrecognize",
          "httpMethod": "POST",
          "parameters": {},
          "path": "v1/speech:longrunningrecognize",
          "scopes": [
            "https://www.googleapis.com/auth/cloud-platform"
          ]
        }
      }
    },
    "operations": {
      "methods": {
        "get": {
          "id": "speech.operations.get",
          "response": {
            "$ref": "Operation"
          },
          "parameterOrder": [
            "name"
          ],
          "description": "Gets the latest state of a long-running operation.  Clients can use this\nmethod to poll the operation result at intervals as recommended by the API\nservice.",
          "flatPath": "v1/operations/{operationsId}",
          "httpMethod": "GET",
          "parameters": {
            "name": {
              "description": "The name of the operation resource.",
              "required": true,
              "pattern": "^[^/]*$",
              "location": "path",
              "type": "string"
            }
          },
          "path": "v1/operations/{+name}",
          "scopes": [
            "https://www.googleapis.com/auth/cloud-platform"
          ]
        },
        "list": {
          "id": "speech.operations.list",
          "response": {
            "$ref": "ListOperationsResponse"
          },
          "parameterOrder": [],
          "description": "Lists operations that match the specified filter in the request. If the\nserver doesn't support this method, it returns `UNIMPLEMENTED`.\n\nNOTE: the `name` binding below allows API services to override the binding\nto use different resource name schemes, such as `users/*/operations`.",
          "flatPath": "v1/operations",
          "httpMethod": "GET",
          "parameters": {
            "pageSize": {
              "description": "The standard list page size.",
              "location": "query",
              "type": "integer",
              "format": "int32"
            },
            "filter": {
              "description": "The standard list filter.",
              "location": "query",
              "type": "string"
            },
            "name": {
              "description": "The name of the operation collection.",
              "location": "query",
              "type": "string"
            },
            "pageToken": {
              "description": "The standard list page token.",
              "location": "query",
              "type": "string"
            }
          },
          "path": "v1/operations",
          "scopes": [
            "https://www.googleapis.com/auth/cloud-platform"
          ]
        },
        "cancel": {
          "id": "speech.operations.cancel",
          "response": {
            "$ref": "Empty"
          },
          "parameterOrder": [
            "name"
          ],
          "description": "Starts asynchronous cancellation on a long-running operation.  The server\nmakes a best effort to cancel the operation, but success is not\nguaranteed.  If the server doesn't support this method, it returns\n`google.rpc.Code.UNIMPLEMENTED`.  Clients can use\nOperations.GetOperation or\nother methods to check whether the cancellation succeeded or whether the\noperation completed despite cancellation.",
          "request": {
            "$ref": "CancelOperationRequest"
          },
          "flatPath": "v1/operations/{operationsId}:cancel",
          "httpMethod": "POST",
          "parameters": {
            "name": {
              "description": "The name of the operation resource to be cancelled.",
              "required": true,
              "pattern": "^[^/]*$",
              "location": "path",
              "type": "string"
            }
          },
          "path": "v1/operations/{+name}:cancel",
          "scopes": [
            "https://www.googleapis.com/auth/cloud-platform"
          ]
        },
        "delete": {
          "id": "speech.operations.delete",
          "response": {
            "$ref": "Empty"
          },
          "parameterOrder": [
            "name"
          ],
          "description": "Deletes a long-running operation. This method indicates that the client is\nno longer interested in the operation result. It does not cancel the\noperation. If the server doesn't support this method, it returns\n`google.rpc.Code.UNIMPLEMENTED`.",
          "flatPath": "v1/operations/{operationsId}",
          "httpMethod": "DELETE",
          "parameters": {
            "name": {
              "description": "The name of the operation resource to be deleted.",
              "required": true,
              "pattern": "^[^/]*$",
              "location": "path",
              "type": "string"
            }
          },
          "path": "v1/operations/{+name}",
          "scopes": [
            "https://www.googleapis.com/auth/cloud-platform"
          ]
        }
      }
    }
  },
  "schemas": {
    "Status": {
      "description": "The `Status` type defines a logical error model that is suitable for different\nprogramming environments, including REST APIs and RPC APIs. It is used by\n[gRPC](https://github.com/grpc). The error model is designed to be:\n\n- Simple to use and understand for most users\n- Flexible enough to meet unexpected needs\n\n# Overview\n\nThe `Status` message contains three pieces of data: error code, error message,\nand error details. The error code should be an enum value of\ngoogle.rpc.Code, but it may accept additional error codes if needed.  The\nerror message should be a developer-facing English message that helps\ndevelopers *understand* and *resolve* the error. If a localized user-facing\nerror message is needed, put the localized message in the error details or\nlocalize it in the client. The optional error details may contain arbitrary\ninformation about the error. There is a predefined set of error detail types\nin the package `google.rpc` which can be used for common error conditions.\n\n# Language mapping\n\nThe `Status` message is the logical representation of the error model, but it\nis not necessarily the actual wire format. When the `Status` message is\nexposed in different client libraries and different wire protocols, it can be\nmapped differently. For example, it will likely be mapped to some exceptions\nin Java, but more likely mapped to some error codes in C.\n\n# Other uses\n\nThe error model and the `Status` message can be used in a variety of\nenvironments, either with or without APIs, to provide a\nconsistent developer experience across different environments.\n\nExample uses of this error model include:\n\n- Partial errors. If a service needs to return partial errors to the client,\n    it may embed the `Status` in the normal response to indicate the partial\n    errors.\n\n- Workflow errors. A typical workflow has multiple steps. Each step may\n    have a `Status` message for error reporting purpose.\n\n- Batch operations. If a client uses batch request and batch response, the\n    `Status` message should be used directly inside batch response, one for\n    each error sub-response.\n\n- Asynchronous operations. If an API call embeds asynchronous operation\n    results in its response, the status of those operations should be\n    represented directly using the `Status` message.\n\n- Logging. If some API errors are stored in logs, the message `Status` could\n    be used directly after any stripping needed for security/privacy reasons.",
      "type": "object",
      "properties": {
        "code": {
          "description": "The status code, which should be an enum value of google.rpc.Code.",
          "type": "integer",
          "format": "int32"
        },
        "details": {
          "description": "A list of messages that carry the error details.  There will be a\ncommon set of message types for APIs to use.",
          "type": "array",
          "items": {
            "additionalProperties": {
              "description": "Properties of the object. Contains field @type with type URL.",
              "type": "any"
            },
            "type": "object"
          }
        },
        "message": {
          "description": "A developer-facing error message, which should be in English. Any\nuser-facing error message should be localized and sent in the\ngoogle.rpc.Status.details field, or localized by the client.",
          "type": "string"
        }
      },
      "id": "Status"
    },
    "RecognitionAudio": {
      "description": "Contains audio data in the encoding specified in the `RecognitionConfig`.\nEither `content` or `uri` must be supplied. Supplying both or neither\nreturns google.rpc.Code.INVALID_ARGUMENT.",
      "type": "object",
      "properties": {
        "content": {
          "description": "The audio data bytes encoded as specified in\n`RecognitionConfig`. Note: as with all bytes fields, protobuffers use a\npure binary representation, whereas JSON representations use base64.",
          "type": "string",
          "format": "byte"
        },
        "uri": {
          "description": "URI that points to a file that contains audio data bytes as specified in\n`RecognitionConfig`. Currently, only Google Cloud Storage URIs are\nsupported, which must be specified in the following format:\n`gs://bucket_name/object_name` (other URI formats return\ngoogle.rpc.Code.INVALID_ARGUMENT). For more information, see\n[Request URIs](/storage/docs/reference-uris).",
          "type": "string"
        }
      },
      "id": "RecognitionAudio"
    },
    "Operation": {
      "description": "This resource represents a long-running operation that is the result of a\nnetwork API call.",
      "type": "object",
      "properties": {
        "error": {
          "description": "The error result of the operation in case of failure.",
          "$ref": "Status"
        },
        "done": {
          "description": "If the value is `false`, it means the operation is still in progress.\nIf true, the operation is completed, and either `error` or `response` is\navailable.",
          "type": "boolean"
        },
        "metadata": {
          "description": "Service-specific metadata associated with the operation.  It typically\ncontains progress information and common metadata such as create time.\nSome services might not provide such metadata.  Any method that returns a\nlong-running operation should document the metadata type, if any.",
          "additionalProperties": {
            "description": "Properties of the object. Contains field @type with type URL.",
            "type": "any"
          },
          "type": "object"
        },
        "response": {
          "description": "The normal response of the operation in case of success.  If the original\nmethod returns no data on success, such as `Delete`, the response is\n`google.protobuf.Empty`.  If the original method is standard\n`Get`/`Create`/`Update`, the response should be the resource.  For other\nmethods, the response should have the type `XxxResponse`, where `Xxx`\nis the original method name.  For example, if the original method name\nis `TakeSnapshot()`, the inferred response type is\n`TakeSnapshotResponse`.",
          "additionalProperties": {
            "description": "Properties of the object. Contains field @type with type URL.",
            "type": "any"
          },
          "type": "object"
        },
        "name": {
          "description": "The server-assigned name, which is only unique within the same service that\noriginally returns it. If you use the default HTTP mapping, the\n`name` should have the format of `operations/some/unique/name`.",
          "type": "string"
        }
      },
      "id": "Operation"
    },
    "SpeechRecognitionAlternative": {
      "description": "Alternative hypotheses (a.k.a. n-best list).",
      "type": "object",
      "properties": {
        "transcript": {
          "description": "[Output-only] Transcript text representing the words that the user spoke.",
          "type": "string"
        },
        "confidence": {
          "description": "[Output-only] The confidence estimate between 0.0 and 1.0. A higher number\nmeans the system is more confident that the recognition is correct.\nThis field is typically provided only for the top hypothesis, and only for\n`is_final=true` results.\nThe default of 0.0 is a sentinel value indicating confidence was not set.",
          "type": "number",
          "format": "float"
        }
      },
      "id": "SpeechRecognitionAlternative"
    },
    "CancelOperationRequest": {
      "description": "The request message for Operations.CancelOperation.",
      "type": "object",
      "properties": {},
      "id": "CancelOperationRequest"
    },
    "RecognitionConfig": {
      "description": "The `RecognitionConfig` message provides information to the recognizer\nthat specifies how to process the request.",
      "type": "object",
      "properties": {
        "maxAlternatives": {
          "description": "[Optional] Maximum number of recognition hypotheses to be returned.\nSpecifically, the maximum number of `SpeechRecognitionAlternative` messages\nwithin each `SpeechRecognitionResult`.\nThe server may return fewer than `max_alternatives`.\nValid values are `0`-`30`. A value of `0` or `1` will return a maximum of\n`1`. If omitted, defaults to `1`.",
          "type": "integer",
          "format": "int32"
        },
        "languageCode": {
          "description": "[Required] The language of the supplied audio as a BCP-47 language tag.\nExample: \"en-GB\"  https://www.rfc-editor.org/rfc/bcp/bcp47.txt\n See\n[Language Support](/speech/docs/best-practices#language_support) for\na list of the currently supported language codes.",
          "type": "string"
        },
        "speechContexts": {
          "description": "[Optional] A means to provide context to assist the speech recognition.",
          "type": "array",
          "items": {
            "$ref": "SpeechContext"
          }
        },
        "encoding": {
          "description": "[Required] Encoding of audio data sent in all `RecognitionAudio` messages.",
          "enum": [
            "ENCODING_UNSPECIFIED",
            "LINEAR16",
            "FLAC",
            "MULAW",
            "AMR",
            "AMR_WB"
          ],
          "enumDescriptions": [
            "Not specified. Will return result google.rpc.Code.INVALID_ARGUMENT.",
            "Uncompressed 16-bit signed little-endian samples.\nThis is the only encoding that may be used by `LongRunningRecognize`.",
            "This is the recommended encoding for `Recognize` and\n`StreamingRecognize` because it uses lossless compression; therefore\nrecognition accuracy is not compromised by a lossy codec.\n\nThe stream FLAC (Free Lossless Audio Codec) encoding is specified at:\nhttp://flac.sourceforge.net/documentation.html.\nOnly 16-bit samples are supported.\nNot all fields in STREAMINFO are supported.",
            "8-bit samples that compand 14-bit audio samples using G.711 PCMU/mu-law.",
            "Adaptive Multi-Rate Narrowband codec. `sample_rate` must be 8000 Hz.",
            "Adaptive Multi-Rate Wideband codec. `sample_rate` must be 16000 Hz."
          ],
          "type": "string"
        },
        "profanityFilter": {
          "description": "[Optional] If set to `true`, the server will attempt to filter out\nprofanities, replacing all but the initial character in each filtered word\nwith asterisks, e.g. \"f***\". If set to `false` or omitted, profanities\nwon't be filtered out.",
          "type": "boolean"
        },
        "sampleRateHertz": {
          "description": "[Required] Sample rate in Hertz of the audio data sent in all\n`RecognitionAudio` messages. Valid values are: 8000-48000.\n16000 is optimal. For best results, set the sampling rate of the audio\nsource to 16000 Hz. If that's not possible, use the native sample rate of\nthe audio source (instead of re-sampling).",
          "type": "integer",
          "format": "int32"
        }
      },
      "id": "RecognitionConfig"
    },
    "RecognizeRequest": {
      "description": "The top-level message sent by the client for the `Recognize` method.",
      "type": "object",
      "properties": {
        "audio": {
          "description": "[Required] The audio data to be recognized.",
          "$ref": "RecognitionAudio"
        },
        "config": {
          "description": "[Required] The `config` message provides information to the recognizer\nthat specifies how to process the request.",
          "$ref": "RecognitionConfig"
        }
      },
      "id": "RecognizeRequest"
    },
    "SpeechRecognitionResult": {
      "description": "A speech recognition result corresponding to a portion of the audio.",
      "type": "object",
      "properties": {
        "alternatives": {
          "description": "[Output-only] May contain one or more recognition hypotheses (up to the\nmaximum specified in `max_alternatives`).",
          "type": "array",
          "items": {
            "$ref": "SpeechRecognitionAlternative"
          }
        }
      },
      "id": "SpeechRecognitionResult"
    },
    "ListOperationsResponse": {
      "description": "The response message for Operations.ListOperations.",
      "type": "object",
      "properties": {
        "nextPageToken": {
          "description": "The standard List next-page token.",
          "type": "string"
        },
        "operations": {
          "description": "A list of operations that matches the specified filter in the request.",
          "type": "array",
          "items": {
            "$ref": "Operation"
          }
        }
      },
      "id": "ListOperationsResponse"
    },
    "RecognizeResponse": {
      "description": "`RecognizeResponse` is the only message returned to the client by\n`Recognize`. It contains the result as zero or more sequential\n`SpeechRecognitionResult` messages.",
      "type": "object",
      "properties": {
        "results": {
          "description": "[Output-only] Sequential list of transcription results corresponding to\nsequential portions of audio.",
          "type": "array",
          "items": {
            "$ref": "SpeechRecognitionResult"
          }
        }
      },
      "id": "RecognizeResponse"
    },
    "Empty": {
      "description": "A generic empty message that you can re-use to avoid defining duplicated\nempty messages in your APIs. A typical example is to use it as the request\nor the response type of an API method. For instance:\n\n    service Foo {\n      rpc Bar(google.protobuf.Empty) returns (google.protobuf.Empty);\n    }\n\nThe JSON representation for `Empty` is empty JSON object `{}`.",
      "type": "object",
      "properties": {},
      "id": "Empty"
    },
    "SpeechContext": {
      "description": "Provides \"hints\" to the speech recognizer to favor specific words and phrases\nin the results.",
      "type": "object",
      "properties": {
        "phrases": {
          "description": "[Optional] A list of strings containing words and phrases \"hints\" so that\nthe speech recognition is more likely to recognize them. This can be used\nto improve the accuracy for specific words and phrases, for example, if\nspecific commands are typically spoken by the user. This can also be used\nto add additional words to the vocabulary of the recognizer.",
          "type": "array",
          "items": {
            "type": "string"
          }
        }
      },
      "id": "SpeechContext"
    },
    "LongRunningRecognizeRequest": {
      "description": "`LongRunningRecognizeRequest` is the top-level message sent by the client for\nthe `LongRunningRecognize` method.",
      "type": "object",
      "properties": {
        "audio": {
          "description": "[Required] The audio data to be recognized.",
          "$ref": "RecognitionAudio"
        },
        "config": {
          "description": "[Required] The `config` message provides information to the recognizer\nthat specifies how to process the request.",
          "$ref": "RecognitionConfig"
        }
      },
      "id": "LongRunningRecognizeRequest"
    }
  },
  "revision": "20160809",
  "basePath": "",
  "icons": {
    "x32": "http://www.google.com/images/icons/product/search-32.gif",
    "x16": "http://www.google.com/images/icons/product/search-16.gif"
  },
  "version_module": "True",
  "canonicalName": "Cloud Speech API",
  "discoveryVersion": "v1",
  "baseUrl": "https://speech.googleapis.com/",
  "name": "speech",
  "parameters": {
    "access_token": {
      "description": "OAuth access token.",
      "type": "string",
      "location": "query"
    },
    "prettyPrint": {
      "description": "Returns response with indentations and line breaks.",
      "default": "true",
      "type": "boolean",
      "location": "query"
    },
    "key": {
      "description": "API key. Your API key identifies your project and provides you with API access, quota, and reports. Required unless you provide an OAuth 2.0 token.",
      "type": "string",
      "location": "query"
    },
    "quotaUser": {
      "description": "Available to use for quota purposes for server-side applications. Can be any arbitrary string assigned to a user, but should not exceed 40 characters.",
      "type": "string",
      "location": "query"
    },
    "pp": {
      "description": "Pretty-print response.",
      "default": "true",
      "type": "boolean",
      "location": "query"
    },
    "fields": {
      "description": "Selector specifying which fields to include in a partial response.",
      "type": "string",
      "location": "query"
    },
    "alt": {
      "description": "Data format for response.",
      "location": "query",
      "enum": [
        "json",
        "media",
        "proto"
      ],
      "default": "json",
      "enumDescriptions": [
        "Responses with Content-Type of application/json",
        "Media download with context-dependent Content-Type",
        "Responses with Content-Type of application/x-protobuf"
      ],
      "type": "string"
    },
    "$.xgafv": {
      "description": "V1 error format.",
      "enum": [
        "1",
        "2"
      ],
      "enumDescriptions": [
        "v1 error format",
        "v2 error format"
      ],
      "type": "string",
      "location": "query"
    },
    "callback": {
      "description": "JSONP",
      "type": "string",
      "location": "query"
    },
    "oauth_token": {
      "description": "OAuth 2.0 token for the current user.",
      "type": "string",
      "location": "query"
    },
    "uploadType": {
      "description": "Legacy upload protocol for media (e.g. \"media\", \"multipart\").",
      "type": "string",
      "location": "query"
    },
    "bearer_token": {
      "description": "OAuth bearer token.",
      "type": "string",
      "location": "query"
    },
    "upload_protocol": {
      "description": "Upload protocol for media (e.g. \"raw\", \"multipart\").",
      "type": "string",
      "location": "query"
    }
  },
  "documentationLink": "https://cloud.google.com/speech/",
  "ownerDomain": "google.com",
  "batchPath": "batch",
  "servicePath": "",
  "ownerName": "Google",
  "version": "v1",
  "rootUrl": "https://speech.googleapis.com/",
  "kind": "discovery#restDescription"
}
